Predictor_Set,Model,C_Value,Avg_Brier_Score,Valid_Predictions,Total_Predictions
TFDI_dis,Logit_L1_C0.001,0.001,0.25,420,420
TFDI_dis,Logit_L1_C0.005,0.005,0.23490743169209935,420,420
TFDI_dis,Logit_L1_C0.022,0.022,0.10701597207923767,420,420
TFDI_dis,Logit_L1_C0.100,0.1,0.047730949843445655,420,420
TFDI_dis,Logit_L1_C0.464,0.464,0.0350911148288997,420,420
TFDI_dis,Logit_L1_C2.154,2.154,0.03993530771331911,420,420
TFDI_dis,Logit_L1_C10.000,10.0,0.05301898674527895,420,420
